project	commit	path	sha256
subtensor	67dcf7f791dc495064c293f080a0702cb433e51e	Cargo.lock	701071d3259e361325daa51dfa6f4768aa65bfceebf100d898d2f00060d73214
subtensor	67dcf7f791dc495064c293f080a0702cb433e51e	runtime/src/lib.rs	6f27f32d953abd9d575abbce59830f17d0d6e2e46be726967d446490d63c4ec3
subtensor	67dcf7f791dc495064c293f080a0702cb433e51e	pallets/transaction-fee/src/lib.rs	5dda5ab5c7559602c16b7e7fe7da81deb9680fbdcdd321603c190f15f8c35681
subtensor	67dcf7f791dc495064c293f080a0702cb433e51e	pallets/subtensor/src/coinbase/tao.rs	744461abd4f7f32d863056aba634779cee4539f63b3179f2d30c07f912596a58
subtensor	67dcf7f791dc495064c293f080a0702cb433e51e	precompiles/src/staking.rs	dab7dab62ae87e4df288a587db2d96c555b80455003e00a85f45d157e1b4934f
subtensor	67dcf7f791dc495064c293f080a0702cb433e51e	precompiles/src/balance_transfer.rs	a58619eadcdf08a000b6d94e7ca01037a181597718268d11e98d4c8a1ce83d15
subtensor	67dcf7f791dc495064c293f080a0702cb433e51e	vendor/frontier/frame/evm/src/lib.rs	1bc52467f6292916ff3766237e9f86386bbb06051b03dc2b0f09fad1a0788e65
subtensor	67dcf7f791dc495064c293f080a0702cb433e51e	vendor/frontier/frame/evm/src/runner/stack.rs	e977982c43cbfdef93aea76c25bdc4dbf4587c73c3f7363f9085c7a401936648
subtensor	67dcf7f791dc495064c293f080a0702cb433e51e	vendor/frontier/frame/ethereum/src/lib.rs	7741988d9c6c6e458ba3e291a45fbed4b0b5984268f2d6064749a675546f3dc4
subtensor	67dcf7f791dc495064c293f080a0702cb433e51e	vendor/frontier/frame/base-fee/src/lib.rs	8a45b0573bc41f5b13069326af326a5cbe604938e0a5b581c67acc4e8b49b9b5
polkadot-sdk	cacb4310f20c7cac83eb3ccd8ed5a5ad4212608a	substrate/frame/balances/src/lib.rs	e14f71c736efe44d13afd0c276f96819378f55182ebb356ea1a278d3b00d2ea6
polkadot-sdk	cacb4310f20c7cac83eb3ccd8ed5a5ad4212608a	substrate/frame/balances/src/impl_fungible.rs	e78b9b188565fbf8c34678174d101590d35dadabe0e10b14e8dc8e1b244287a5
polkadot-sdk	cacb4310f20c7cac83eb3ccd8ed5a5ad4212608a	substrate/frame/support/src/traits/tokens/fungible/regular.rs	09d0754a4036d628ad979ff0df10a4449d12a9455fb047cfd8ae7fccd929608c
polkadot-sdk	cacb4310f20c7cac83eb3ccd8ed5a5ad4212608a	substrate/frame/system/src/lib.rs	ed4fc0cacdf8a1aed641e7675c90b7c093e62786ab861a89c3cc625c7ea013a2
polkadot-sdk	cacb4310f20c7cac83eb3ccd8ed5a5ad4212608a	substrate/client/rpc-api/src/state/mod.rs	41192108b4529bc4d5e96d2ddd95527db2fb0e70570c522e6a89a50031a413d3
polkadot-sdk	cacb4310f20c7cac83eb3ccd8ed5a5ad4212608a	substrate/client/rpc/src/state/state_full.rs	ff80717654dd028e7a7c2db518c8b7e5d6bddf427ecc251948333a28f9a55ed0
polkadot-sdk	cacb4310f20c7cac83eb3ccd8ed5a5ad4212608a	substrate/primitives/trie/src/lib.rs	97988ec696a95d476dfed29ee6a915ecbcecb5c39c0a30df7a6464df3768fbf8
polkadot-sdk	cacb4310f20c7cac83eb3ccd8ed5a5ad4212608a	substrate/primitives/trie/src/storage_proof.rs	b218b982cf23afe9c44c8e4d90219a872489b40c191195515746da4db44a551f
